                  epoch,         train/box_loss,         train/cls_loss,         train/dfl_loss,   metrics/precision(B),      metrics/recall(B),       metrics/mAP50(B),    metrics/mAP50-95(B),           val/box_loss,           val/cls_loss,           val/dfl_loss,                 lr/pg0,                 lr/pg1,                 lr/pg2
                      1,                 3.5357,                 5.3444,                 4.3305,                      0,                      0,                      0,                      0,                 3.2092,                 5.1495,                 4.1749,             0.00010275,             0.00010275,             0.00010275
                      2,                 3.3702,                 4.9428,                  4.074,                      0,                      0,                      0,                      0,                 3.2215,                  5.207,                  4.195,             0.00016608,             0.00016608,             0.00016608
                      3,                 3.1517,                 4.5324,                 3.8421,                0.47848,                0.07418,                0.06083,                0.02423,                 2.6652,                 3.8232,                 3.7503,              0.0001881,              0.0001881,              0.0001881
                      4,                 3.0102,                  4.045,                 3.6438,                0.43102,                0.26438,                0.19847,                0.08681,                 2.4095,                 2.9412,                 3.5138,             0.00012708,             0.00012708,             0.00012708
                      5,                 2.8849,                 3.7013,                 3.5098,                0.40736,                0.32972,                0.22133,                0.09127,                 2.3078,                 2.6721,                  3.434,             6.5104e-05,             6.5104e-05,             6.5104e-05
